-- phpMyAdmin SQL Dump
-- version 4.8.3
-- https://www.phpmyadmin.net/
--
-- Host: 127.0.0.1
-- Generation Time: May 23, 2019 at 05:30 AM
-- Server version: 10.1.36-MariaDB
-- PHP Version: 7.2.11

SET SQL_MODE = "NO_AUTO_VALUE_ON_ZERO";
SET AUTOCOMMIT = 0;
START TRANSACTION;
SET time_zone = "+00:00";


/*!40101 SET @OLD_CHARACTER_SET_CLIENT=@@CHARACTER_SET_CLIENT */;
/*!40101 SET @OLD_CHARACTER_SET_RESULTS=@@CHARACTER_SET_RESULTS */;
/*!40101 SET @OLD_COLLATION_CONNECTION=@@COLLATION_CONNECTION */;
/*!40101 SET NAMES utf8mb4 */;

--
-- Database: `bantu_panti`
--

-- --------------------------------------------------------

--
-- Table structure for table `ci_sessions_kantor`
--

CREATE TABLE `ci_sessions_kantor` (
  `id` varchar(40) NOT NULL,
  `ip_address` varchar(45) NOT NULL,
  `timestamp` int(10) UNSIGNED NOT NULL DEFAULT '0',
  `data` blob NOT NULL
) ENGINE=InnoDB DEFAULT CHARSET=latin1 ROW_FORMAT=COMPACT;

--
-- Dumping data for table `ci_sessions_kantor`
--

INSERT INTO `ci_sessions_kantor` (`id`, `ip_address`, `timestamp`, `data`) VALUES
('00b98aglt7o7n52p8molf45ab8nptbdk', '::1', 1557963063, 0x5f5f63695f6c6173745f726567656e65726174657c693a313535373936333036333b757365725f6c6f67696e7c613a31303a7b733a323a226964223b733a313a2232223b733a343a22726f6c65223b733a333a22643031223b733a383a22757365726e616d65223b733a353a2261646d696e223b733a31353a226e6f5f686170655f70657475676173223b733a383a223435333438353033223b733a31303a22637265617465645f6f6e223b733a31393a22323031382d30352d31332030363a33323a3533223b733a31303a226c6173745f6c6f67696e223b4e3b733a363a22616374697665223b4e3b733a393a226e616d615f726f6c65223b733a31353a2250656e67656c6f6c612050616e7469223b733a373a2269645f726f6c65223b733a313a2232223b733a393a22726f6c655f6b6f6465223b4e3b7d),
('0b2uimukcrlo4ji7te9i6s3gn71dpgeo', '::1', 1557805738, 0x5f5f63695f6c6173745f726567656e65726174657c693a313535373830353733383b757365725f6c6f67696e7c613a31303a7b733a323a226964223b733a313a2230223b733a343a22726f6c65223b733a343a2261703031223b733a383a22757365726e616d65223b733a383a226172696e69707573223b733a31353a226e6f5f686170655f70657475676173223b4e3b733a31303a22637265617465645f6f6e223b733a31303a22323031392d30352d3134223b733a31303a226c6173745f6c6f67696e223b4e3b733a363a22616374697665223b4e3b733a393a226e616d615f726f6c65223b733a31303a22416e616b2050616e7469223b733a373a2269645f726f6c65223b733a313a2234223b733a393a22726f6c655f6b6f6465223b4e3b7d6d6573736167657c613a323a7b733a343a2274797065223b733a373a2273756363657373223b733a373a226d657373616765223b613a313a7b693a303b733a32323a2253756b736573204d656e67756261682050726f66696c223b7d7d5f5f63695f766172737c613a313a7b733a373a226d657373616765223b733a333a226f6c64223b7d),
('10sk709372gheb197ummihlacbk1e6ac', '::1', 1558528898, 0x5f5f63695f6c6173745f726567656e65726174657c693a313535383532383839383b757365725f6c6f67696e7c613a31303a7b733a323a226964223b733a313a2232223b733a343a22726f6c65223b733a333a22643031223b733a383a22757365726e616d65223b733a353a2261646d696e223b733a31353a226e6f5f686170655f70657475676173223b733a383a223435333438353033223b733a31303a22637265617465645f6f6e223b733a31393a22323031382d30352d31332030363a33323a3533223b733a31303a226c6173745f6c6f67696e223b4e3b733a363a22616374697665223b4e3b733a393a226e616d615f726f6c65223b733a31353a2250656e67656c6f6c612050616e7469223b733a373a2269645f726f6c65223b733a313a2232223b733a393a22726f6c655f6b6f6465223b4e3b7d),
('1iorkoi879aa8pdfc3vcmvcuuvrahjs4', '::1', 1557993123, 0x5f5f63695f6c6173745f726567656e65726174657c693a313535373939333132333b757365725f6c6f67696e7c613a31303a7b733a323a226964223b733a313a2232223b733a343a22726f6c65223b733a333a22643031223b733a383a22757365726e616d65223b733a353a2261646d696e223b733a31353a226e6f5f686170655f70657475676173223b733a383a223435333438353033223b733a31303a22637265617465645f6f6e223b733a31393a22323031382d30352d31332030363a33323a3533223b733a31303a226c6173745f6c6f67696e223b4e3b733a363a22616374697665223b4e3b733a393a226e616d615f726f6c65223b733a31353a2250656e67656c6f6c612050616e7469223b733a373a2269645f726f6c65223b733a313a2232223b733a393a22726f6c655f6b6f6465223b4e3b7d),
('3mp4onvdaf6ja1uq3kmri5qobb8em6ba', '::1', 1558517929, 0x5f5f63695f6c6173745f726567656e65726174657c693a313535383531373932393b757365725f6c6f67696e7c613a31303a7b733a323a226964223b733a313a2232223b733a343a22726f6c65223b733a333a22643031223b733a383a22757365726e616d65223b733a353a2261646d696e223b733a31353a226e6f5f686170655f70657475676173223b733a383a223435333438353033223b733a31303a22637265617465645f6f6e223b733a31393a22323031382d30352d31332030363a33323a3533223b733a31303a226c6173745f6c6f67696e223b4e3b733a363a22616374697665223b4e3b733a393a226e616d615f726f6c65223b733a31353a2250656e67656c6f6c612050616e7469223b733a373a2269645f726f6c65223b733a313a2232223b733a393a22726f6c655f6b6f6465223b4e3b7d),
('5hacjrun8gittl3c418c7uat743sfu2u', '::1', 1558530593, 0x5f5f63695f6c6173745f726567656e65726174657c693a313535383533303539323b757365725f6c6f67696e7c613a31303a7b733a323a226964223b733a313a2232223b733a343a22726f6c65223b733a333a22643031223b733a383a22757365726e616d65223b733a353a2261646d696e223b733a31353a226e6f5f686170655f70657475676173223b733a383a223435333438353033223b733a31303a22637265617465645f6f6e223b733a31393a22323031382d30352d31332030363a33323a3533223b733a31303a226c6173745f6c6f67696e223b4e3b733a363a22616374697665223b4e3b733a393a226e616d615f726f6c65223b733a31353a2250656e67656c6f6c612050616e7469223b733a373a2269645f726f6c65223b733a313a2232223b733a393a22726f6c655f6b6f6465223b4e3b7d),
('5kprmgf1epqmbo5cksid73iloq6svm1l', '::1', 1557957325, 0x5f5f63695f6c6173745f726567656e65726174657c693a313535373935373332353b),
('5nin2gclaptiikbptk1vkh1p64lmihh9', '::1', 1557960767, 0x5f5f63695f6c6173745f726567656e65726174657c693a313535373936303736373b757365725f6c6f67696e7c613a31303a7b733a323a226964223b733a313a2232223b733a343a22726f6c65223b733a333a22643031223b733a383a22757365726e616d65223b733a353a2261646d696e223b733a31353a226e6f5f686170655f70657475676173223b733a383a223435333438353033223b733a31303a22637265617465645f6f6e223b733a31393a22323031382d30352d31332030363a33323a3533223b733a31303a226c6173745f6c6f67696e223b4e3b733a363a22616374697665223b4e3b733a393a226e616d615f726f6c65223b733a31353a2250656e67656c6f6c612050616e7469223b733a373a2269645f726f6c65223b733a313a2232223b733a393a22726f6c655f6b6f6465223b4e3b7d),
('5ro191d6lsk6p8hc90nr1g1vpbcj86cd', '::1', 1557990211, 0x5f5f63695f6c6173745f726567656e65726174657c693a313535373939303231313b757365725f6c6f67696e7c613a31303a7b733a323a226964223b733a313a2232223b733a343a22726f6c65223b733a333a22643031223b733a383a22757365726e616d65223b733a353a2261646d696e223b733a31353a226e6f5f686170655f70657475676173223b733a383a223435333438353033223b733a31303a22637265617465645f6f6e223b733a31393a22323031382d30352d31332030363a33323a3533223b733a31303a226c6173745f6c6f67696e223b4e3b733a363a22616374697665223b4e3b733a393a226e616d615f726f6c65223b733a31353a2250656e67656c6f6c612050616e7469223b733a373a2269645f726f6c65223b733a313a2232223b733a393a22726f6c655f6b6f6465223b4e3b7d),
('61a4blretv44ficuga52j3ri82bhvv3e', '::1', 1557957665, 0x5f5f63695f6c6173745f726567656e65726174657c693a313535373935373636353b),
('6ka67ump742qg54jlhgkb17pm3oa5eir', '::1', 1558575153, 0x5f5f63695f6c6173745f726567656e65726174657c693a313535383537353135333b757365725f6c6f67696e7c613a31303a7b733a323a226964223b733a313a2232223b733a343a22726f6c65223b733a333a22643031223b733a383a22757365726e616d65223b733a353a2261646d696e223b733a31353a226e6f5f686170655f70657475676173223b733a383a223435333438353033223b733a31303a22637265617465645f6f6e223b733a31393a22323031382d30352d31332030363a33323a3533223b733a31303a226c6173745f6c6f67696e223b4e3b733a363a22616374697665223b4e3b733a393a226e616d615f726f6c65223b733a31353a2250656e67656c6f6c612050616e7469223b733a373a2269645f726f6c65223b733a313a2232223b733a393a22726f6c655f6b6f6465223b4e3b7d),
('74jhj2ehlb5qeki6nj71klnaes2bbba1', '::1', 1558516348, 0x5f5f63695f6c6173745f726567656e65726174657c693a313535383531363334383b6d6573736167657c613a323a7b733a343a2274797065223b733a353a226572726f72223b733a373a226d657373616765223b613a313a7b693a303b733a33303a2253696c61686b616e206d6173756b207465726c6562696820646168756c75223b7d7d5f5f63695f766172737c613a313a7b733a373a226d657373616765223b733a333a226f6c64223b7d),
('78qmtgcutkvdut5n9vopp0lvv031q1sm', '::1', 1557993441, 0x5f5f63695f6c6173745f726567656e65726174657c693a313535373939333434313b757365725f6c6f67696e7c613a31303a7b733a323a226964223b733a313a2232223b733a343a22726f6c65223b733a333a22643031223b733a383a22757365726e616d65223b733a353a2261646d696e223b733a31353a226e6f5f686170655f70657475676173223b733a383a223435333438353033223b733a31303a22637265617465645f6f6e223b733a31393a22323031382d30352d31332030363a33323a3533223b733a31303a226c6173745f6c6f67696e223b4e3b733a363a22616374697665223b4e3b733a393a226e616d615f726f6c65223b733a31353a2250656e67656c6f6c612050616e7469223b733a373a2269645f726f6c65223b733a313a2232223b733a393a22726f6c655f6b6f6465223b4e3b7d),
('7uhgbfsp4dkbd3i3solu05cljhmna7ik', '::1', 1558574173, 0x5f5f63695f6c6173745f726567656e65726174657c693a313535383537343137333b757365725f6c6f67696e7c613a31303a7b733a323a226964223b733a313a2232223b733a343a22726f6c65223b733a333a22643031223b733a383a22757365726e616d65223b733a353a2261646d696e223b733a31353a226e6f5f686170655f70657475676173223b733a383a223435333438353033223b733a31303a22637265617465645f6f6e223b733a31393a22323031382d30352d31332030363a33323a3533223b733a31303a226c6173745f6c6f67696e223b4e3b733a363a22616374697665223b4e3b733a393a226e616d615f726f6c65223b733a31353a2250656e67656c6f6c612050616e7469223b733a373a2269645f726f6c65223b733a313a2232223b733a393a22726f6c655f6b6f6465223b4e3b7d6d6573736167657c613a323a7b733a343a2274797065223b733a373a2273756363657373223b733a373a226d657373616765223b613a313a7b693a303b733a32323a2253756b736573204d656e616d62616820446f6e617369223b7d7d5f5f63695f766172737c613a313a7b733a373a226d657373616765223b733a333a226f6c64223b7d),
('8cbadfgt5ph4k7fl6eugd09uur89o8ke', '::1', 1558572714, 0x5f5f63695f6c6173745f726567656e65726174657c693a313535383537323731343b757365725f6c6f67696e7c613a31303a7b733a323a226964223b733a313a2232223b733a343a22726f6c65223b733a333a22643031223b733a383a22757365726e616d65223b733a353a2261646d696e223b733a31353a226e6f5f686170655f70657475676173223b733a383a223435333438353033223b733a31303a22637265617465645f6f6e223b733a31393a22323031382d30352d31332030363a33323a3533223b733a31303a226c6173745f6c6f67696e223b4e3b733a363a22616374697665223b4e3b733a393a226e616d615f726f6c65223b733a31353a2250656e67656c6f6c612050616e7469223b733a373a2269645f726f6c65223b733a313a2232223b733a393a22726f6c655f6b6f6465223b4e3b7d),
('909cknnsd9uhpp4r2otanr5cuo9hla0m', '::1', 1558514999, 0x5f5f63695f6c6173745f726567656e65726174657c693a313535383531343939393b757365725f6c6f67696e7c613a31303a7b733a323a226964223b733a313a2232223b733a343a22726f6c65223b733a333a22643031223b733a383a22757365726e616d65223b733a353a2261646d696e223b733a31353a226e6f5f686170655f70657475676173223b733a383a223435333438353033223b733a31303a22637265617465645f6f6e223b733a31393a22323031382d30352d31332030363a33323a3533223b733a31303a226c6173745f6c6f67696e223b4e3b733a363a22616374697665223b4e3b733a393a226e616d615f726f6c65223b733a31353a2250656e67656c6f6c612050616e7469223b733a373a2269645f726f6c65223b733a313a2232223b733a393a22726f6c655f6b6f6465223b4e3b7d),
('9cvs2guag7nl8r7q6aq6f9ivj774i083', '::1', 1558575948, 0x5f5f63695f6c6173745f726567656e65726174657c693a313535383537353934383b757365725f6c6f67696e7c613a31303a7b733a323a226964223b733a313a2232223b733a343a22726f6c65223b733a333a22643031223b733a383a22757365726e616d65223b733a353a2261646d696e223b733a31353a226e6f5f686170655f70657475676173223b733a383a223435333438353033223b733a31303a22637265617465645f6f6e223b733a31393a22323031382d30352d31332030363a33323a3533223b733a31303a226c6173745f6c6f67696e223b4e3b733a363a22616374697665223b4e3b733a393a226e616d615f726f6c65223b733a31353a2250656e67656c6f6c612050616e7469223b733a373a2269645f726f6c65223b733a313a2232223b733a393a22726f6c655f6b6f6465223b4e3b7d),
('9heke18rf11go8km3p07i55ir3phflb6', '::1', 1558528563, 0x5f5f63695f6c6173745f726567656e65726174657c693a313535383532383536333b757365725f6c6f67696e7c613a31303a7b733a323a226964223b733a313a2232223b733a343a22726f6c65223b733a333a22643031223b733a383a22757365726e616d65223b733a353a2261646d696e223b733a31353a226e6f5f686170655f70657475676173223b733a383a223435333438353033223b733a31303a22637265617465645f6f6e223b733a31393a22323031382d30352d31332030363a33323a3533223b733a31303a226c6173745f6c6f67696e223b4e3b733a363a22616374697665223b4e3b733a393a226e616d615f726f6c65223b733a31353a2250656e67656c6f6c612050616e7469223b733a373a2269645f726f6c65223b733a313a2232223b733a393a22726f6c655f6b6f6465223b4e3b7d),
('9nq8tkphfhle7oev4faurninn4vd1iqr', '::1', 1558582087, 0x5f5f63695f6c6173745f726567656e65726174657c693a313535383538313832393b757365725f6c6f67696e7c613a31303a7b733a323a226964223b733a313a2230223b733a343a22726f6c65223b733a333a22703031223b733a383a22757365726e616d65223b733a31353a22313031313135313030303030313020223b733a31353a226e6f5f686170655f70657475676173223b733a31323a22303835373336383633323632223b733a31303a22637265617465645f6f6e223b733a31303a22323031392d30332d3031223b733a31303a226c6173745f6c6f67696e223b4e3b733a363a22616374697665223b4e3b733a393a226e616d615f726f6c65223b733a373a22446f6e61747572223b733a373a2269645f726f6c65223b733a313a2233223b733a393a22726f6c655f6b6f6465223b4e3b7d),
('atngsfi2ksco53cesdfu2j1fjb3slp12', '::1', 1557803658, 0x5f5f63695f6c6173745f726567656e65726174657c693a313535373830333635383b757365725f6c6f67696e7c613a31303a7b733a323a226964223b733a313a2232223b733a343a22726f6c65223b733a333a22643031223b733a383a22757365726e616d65223b733a353a2261646d696e223b733a31353a226e6f5f686170655f70657475676173223b733a383a223435333438353033223b733a31303a22637265617465645f6f6e223b733a31393a22323031382d30352d31332030363a33323a3533223b733a31303a226c6173745f6c6f67696e223b4e3b733a363a22616374697665223b4e3b733a393a226e616d615f726f6c65223b733a353a2241646d696e223b733a373a2269645f726f6c65223b733a313a2232223b733a393a22726f6c655f6b6f6465223b4e3b7d),
('au2l75g7d1gceoufdcmnq9gkm05d8hmn', '::1', 1557797470, 0x5f5f63695f6c6173745f726567656e65726174657c693a313535373739373437303b757365725f6c6f67696e7c613a31303a7b733a323a226964223b733a313a2232223b733a343a22726f6c65223b733a333a22643031223b733a383a22757365726e616d65223b733a353a2261646d696e223b733a31353a226e6f5f686170655f70657475676173223b733a383a223435333438353033223b733a31303a22637265617465645f6f6e223b733a31393a22323031382d30352d31332030363a33323a3533223b733a31303a226c6173745f6c6f67696e223b4e3b733a363a22616374697665223b4e3b733a393a226e616d615f726f6c65223b733a353a2241646d696e223b733a373a2269645f726f6c65223b733a313a2232223b733a393a22726f6c655f6b6f6465223b4e3b7d),
('b9cefootrfvptj089e4a2p6u83i2nf4b', '::1', 1558580543, 0x5f5f63695f6c6173745f726567656e65726174657c693a313535383538303534333b757365725f6c6f67696e7c613a31303a7b733a323a226964223b733a313a2232223b733a343a22726f6c65223b733a333a22643031223b733a383a22757365726e616d65223b733a353a2261646d696e223b733a31353a226e6f5f686170655f70657475676173223b733a383a223435333438353033223b733a31303a22637265617465645f6f6e223b733a31393a22323031382d30352d31332030363a33323a3533223b733a31303a226c6173745f6c6f67696e223b4e3b733a363a22616374697665223b4e3b733a393a226e616d615f726f6c65223b733a31353a2250656e67656c6f6c612050616e7469223b733a373a2269645f726f6c65223b733a313a2232223b733a393a22726f6c655f6b6f6465223b4e3b7d),
('bahovbjoq739b9mogq63882cotp85dea', '::1', 1558581179, 0x5f5f63695f6c6173745f726567656e65726174657c693a313535383538313137393b757365725f6c6f67696e7c613a31303a7b733a323a226964223b733a313a2230223b733a343a22726f6c65223b733a343a2261703031223b733a383a22757365726e616d65223b733a373a2274657374696e67223b733a31353a226e6f5f686170655f70657475676173223b4e3b733a31303a22637265617465645f6f6e223b733a31303a22323031392d30352d3233223b733a31303a226c6173745f6c6f67696e223b4e3b733a363a22616374697665223b4e3b733a393a226e616d615f726f6c65223b733a31303a22416e616b2050616e7469223b733a373a2269645f726f6c65223b733a313a2234223b733a393a22726f6c655f6b6f6465223b4e3b7d),
('bev5t4pnacnp9p6e1lj88p1658e8jca0', '::1', 1557994749, 0x5f5f63695f6c6173745f726567656e65726174657c693a313535373939343734393b757365725f6c6f67696e7c613a31303a7b733a323a226964223b733a313a2232223b733a343a22726f6c65223b733a333a22643031223b733a383a22757365726e616d65223b733a353a2261646d696e223b733a31353a226e6f5f686170655f70657475676173223b733a383a223435333438353033223b733a31303a22637265617465645f6f6e223b733a31393a22323031382d30352d31332030363a33323a3533223b733a31303a226c6173745f6c6f67696e223b4e3b733a363a22616374697665223b4e3b733a393a226e616d615f726f6c65223b733a31353a2250656e67656c6f6c612050616e7469223b733a373a2269645f726f6c65223b733a313a2232223b733a393a22726f6c655f6b6f6465223b4e3b7d),
('c6m2h7cj7dn264ue8ucb8jnhmj4kofk3', '::1', 1557992797, 0x5f5f63695f6c6173745f726567656e65726174657c693a313535373939323739373b757365725f6c6f67696e7c613a31303a7b733a323a226964223b733a313a2232223b733a343a22726f6c65223b733a333a22643031223b733a383a22757365726e616d65223b733a353a2261646d696e223b733a31353a226e6f5f686170655f70657475676173223b733a383a223435333438353033223b733a31303a22637265617465645f6f6e223b733a31393a22323031382d30352d31332030363a33323a3533223b733a31303a226c6173745f6c6f67696e223b4e3b733a363a22616374697665223b4e3b733a393a226e616d615f726f6c65223b733a31353a2250656e67656c6f6c612050616e7469223b733a373a2269645f726f6c65223b733a313a2232223b733a393a22726f6c655f6b6f6465223b4e3b7d),
('c7uqtrvb9md73ujtlndjs2r1ev8hud66', '::1', 1557962704, 0x5f5f63695f6c6173745f726567656e65726174657c693a313535373936323730343b757365725f6c6f67696e7c613a31303a7b733a323a226964223b733a313a2232223b733a343a22726f6c65223b733a333a22643031223b733a383a22757365726e616d65223b733a353a2261646d696e223b733a31353a226e6f5f686170655f70657475676173223b733a383a223435333438353033223b733a31303a22637265617465645f6f6e223b733a31393a22323031382d30352d31332030363a33323a3533223b733a31303a226c6173745f6c6f67696e223b4e3b733a363a22616374697665223b4e3b733a393a226e616d615f726f6c65223b733a31353a2250656e67656c6f6c612050616e7469223b733a373a2269645f726f6c65223b733a313a2232223b733a393a22726f6c655f6b6f6465223b4e3b7d6d6573736167657c613a323a7b733a343a2274797065223b733a373a2273756363657373223b733a373a226d657373616765223b613a313a7b693a303b733a32363a2253756b7365732055706461746520486173696c20537572766579223b7d7d5f5f63695f766172737c613a313a7b733a373a226d657373616765223b733a333a226f6c64223b7d),
('ci7dhrhc26j0rn7vksh129vcia5u345a', '::1', 1558512212, 0x5f5f63695f6c6173745f726567656e65726174657c693a313535383531323231323b6d6573736167657c613a323a7b733a343a2274797065223b733a353a226572726f72223b733a373a226d657373616765223b613a313a7b693a303b733a33303a2253696c61686b616e206d6173756b207465726c6562696820646168756c75223b7d7d5f5f63695f766172737c613a313a7b733a373a226d657373616765223b733a333a226f6c64223b7d),
('dvpo0hlovgaa6qubcaeaqipvlpsb0jde', '::1', 1557965465, 0x5f5f63695f6c6173745f726567656e65726174657c693a313535373936353436353b757365725f6c6f67696e7c613a31303a7b733a323a226964223b733a313a2232223b733a343a22726f6c65223b733a333a22643031223b733a383a22757365726e616d65223b733a353a2261646d696e223b733a31353a226e6f5f686170655f70657475676173223b733a383a223435333438353033223b733a31303a22637265617465645f6f6e223b733a31393a22323031382d30352d31332030363a33323a3533223b733a31303a226c6173745f6c6f67696e223b4e3b733a363a22616374697665223b4e3b733a393a226e616d615f726f6c65223b733a31353a2250656e67656c6f6c612050616e7469223b733a373a2269645f726f6c65223b733a313a2232223b733a393a22726f6c655f6b6f6465223b4e3b7d),
('f942gbnjtgkjo030p15d657omju81eks', '::1', 1557990602, 0x5f5f63695f6c6173745f726567656e65726174657c693a313535373939303630323b757365725f6c6f67696e7c613a31303a7b733a323a226964223b733a313a2232223b733a343a22726f6c65223b733a333a22643031223b733a383a22757365726e616d65223b733a353a2261646d696e223b733a31353a226e6f5f686170655f70657475676173223b733a383a223435333438353033223b733a31303a22637265617465645f6f6e223b733a31393a22323031382d30352d31332030363a33323a3533223b733a31303a226c6173745f6c6f67696e223b4e3b733a363a22616374697665223b4e3b733a393a226e616d615f726f6c65223b733a31353a2250656e67656c6f6c612050616e7469223b733a373a2269645f726f6c65223b733a313a2232223b733a393a22726f6c655f6b6f6465223b4e3b7d),
('g9bs8d0k58tpuo3kmvtjdel9ambuds82', '::1', 1558527177, 0x5f5f63695f6c6173745f726567656e65726174657c693a313535383532373137373b757365725f6c6f67696e7c613a31303a7b733a323a226964223b733a313a2232223b733a343a22726f6c65223b733a333a22643031223b733a383a22757365726e616d65223b733a353a2261646d696e223b733a31353a226e6f5f686170655f70657475676173223b733a383a223435333438353033223b733a31303a22637265617465645f6f6e223b733a31393a22323031382d30352d31332030363a33323a3533223b733a31303a226c6173745f6c6f67696e223b4e3b733a363a22616374697665223b4e3b733a393a226e616d615f726f6c65223b733a31353a2250656e67656c6f6c612050616e7469223b733a373a2269645f726f6c65223b733a313a2232223b733a393a22726f6c655f6b6f6465223b4e3b7d),
('gcvqkd35t9hv5jubqvckq8prkdpq12vm', '::1', 1557958124, 0x5f5f63695f6c6173745f726567656e65726174657c693a313535373935383132343b757365725f6c6f67696e7c613a31303a7b733a323a226964223b733a313a2232223b733a343a22726f6c65223b733a333a22643031223b733a383a22757365726e616d65223b733a353a2261646d696e223b733a31353a226e6f5f686170655f70657475676173223b733a383a223435333438353033223b733a31303a22637265617465645f6f6e223b733a31393a22323031382d30352d31332030363a33323a3533223b733a31303a226c6173745f6c6f67696e223b4e3b733a363a22616374697665223b4e3b733a393a226e616d615f726f6c65223b733a31353a2250656e67656c6f6c612050616e7469223b733a373a2269645f726f6c65223b733a313a2232223b733a393a22726f6c655f6b6f6465223b4e3b7d),
('gid0k8cgi3r8r142vbvub1tsqmbj0qrs', '::1', 1557919978, 0x5f5f63695f6c6173745f726567656e65726174657c693a313535373931393639393b757365725f6c6f67696e7c613a31303a7b733a323a226964223b733a313a2232223b733a343a22726f6c65223b733a333a22643031223b733a383a22757365726e616d65223b733a353a2261646d696e223b733a31353a226e6f5f686170655f70657475676173223b733a383a223435333438353033223b733a31303a22637265617465645f6f6e223b733a31393a22323031382d30352d31332030363a33323a3533223b733a31303a226c6173745f6c6f67696e223b4e3b733a363a22616374697665223b4e3b733a393a226e616d615f726f6c65223b733a31353a2250656e67656c6f6c612050616e7469223b733a373a2269645f726f6c65223b733a313a2232223b733a393a22726f6c655f6b6f6465223b4e3b7d),
('h9tnn12d579lvq68n8a19s3ci2j4p34h', '::1', 1557991408, 0x5f5f63695f6c6173745f726567656e65726174657c693a313535373939313430383b757365725f6c6f67696e7c613a31303a7b733a323a226964223b733a313a2232223b733a343a22726f6c65223b733a333a22643031223b733a383a22757365726e616d65223b733a353a2261646d696e223b733a31353a226e6f5f686170655f70657475676173223b733a383a223435333438353033223b733a31303a22637265617465645f6f6e223b733a31393a22323031382d30352d31332030363a33323a3533223b733a31303a226c6173745f6c6f67696e223b4e3b733a363a22616374697665223b4e3b733a393a226e616d615f726f6c65223b733a31353a2250656e67656c6f6c612050616e7469223b733a373a2269645f726f6c65223b733a313a2232223b733a393a22726f6c655f6b6f6465223b4e3b7d),
('hcn41bjakaj5pk85saf5v6fdi1qs7c1b', '::1', 1557993743, 0x5f5f63695f6c6173745f726567656e65726174657c693a313535373939333734333b757365725f6c6f67696e7c613a31303a7b733a323a226964223b733a313a2232223b733a343a22726f6c65223b733a333a22643031223b733a383a22757365726e616d65223b733a353a2261646d696e223b733a31353a226e6f5f686170655f70657475676173223b733a383a223435333438353033223b733a31303a22637265617465645f6f6e223b733a31393a22323031382d30352d31332030363a33323a3533223b733a31303a226c6173745f6c6f67696e223b4e3b733a363a22616374697665223b4e3b733a393a226e616d615f726f6c65223b733a31353a2250656e67656c6f6c612050616e7469223b733a373a2269645f726f6c65223b733a313a2232223b733a393a22726f6c655f6b6f6465223b4e3b7d),
('igb0kr6dcp1tfi5mq5ir94je0l27eare', '::1', 1557802881, 0x5f5f63695f6c6173745f726567656e65726174657c693a313535373830323838313b757365725f6c6f67696e7c613a31303a7b733a323a226964223b733a313a2232223b733a343a22726f6c65223b733a333a22643031223b733a383a22757365726e616d65223b733a353a2261646d696e223b733a31353a226e6f5f686170655f70657475676173223b733a383a223435333438353033223b733a31303a22637265617465645f6f6e223b733a31393a22323031382d30352d31332030363a33323a3533223b733a31303a226c6173745f6c6f67696e223b4e3b733a363a22616374697665223b4e3b733a393a226e616d615f726f6c65223b733a353a2241646d696e223b733a373a2269645f726f6c65223b733a313a2232223b733a393a22726f6c655f6b6f6465223b4e3b7d),
('inqi1k577nso2s19hfso3vq4reet83id', '::1', 1558572164, 0x5f5f63695f6c6173745f726567656e65726174657c693a313535383537323136343b757365725f6c6f67696e7c613a31303a7b733a323a226964223b733a313a2232223b733a343a22726f6c65223b733a333a22643031223b733a383a22757365726e616d65223b733a353a2261646d696e223b733a31353a226e6f5f686170655f70657475676173223b733a383a223435333438353033223b733a31303a22637265617465645f6f6e223b733a31393a22323031382d30352d31332030363a33323a3533223b733a31303a226c6173745f6c6f67696e223b4e3b733a363a22616374697665223b4e3b733a393a226e616d615f726f6c65223b733a31353a2250656e67656c6f6c612050616e7469223b733a373a2269645f726f6c65223b733a313a2232223b733a393a22726f6c655f6b6f6465223b4e3b7d6d6573736167657c613a323a7b733a343a2274797065223b733a373a2273756363657373223b733a373a226d657373616765223b613a313a7b693a303b733a33363a224b6f6e6669726d61736920446f6e61736920426572686173696c2044696c616b756b616e223b7d7d5f5f63695f766172737c613a313a7b733a373a226d657373616765223b733a333a226f6c64223b7d),
('ip2u5huiqkha6coohggrtvplicud0ag0', '::1', 1557992120, 0x5f5f63695f6c6173745f726567656e65726174657c693a313535373939323132303b757365725f6c6f67696e7c613a31303a7b733a323a226964223b733a313a2232223b733a343a22726f6c65223b733a333a22643031223b733a383a22757365726e616d65223b733a353a2261646d696e223b733a31353a226e6f5f686170655f70657475676173223b733a383a223435333438353033223b733a31303a22637265617465645f6f6e223b733a31393a22323031382d30352d31332030363a33323a3533223b733a31303a226c6173745f6c6f67696e223b4e3b733a363a22616374697665223b4e3b733a393a226e616d615f726f6c65223b733a31353a2250656e67656c6f6c612050616e7469223b733a373a2269645f726f6c65223b733a313a2232223b733a393a22726f6c655f6b6f6465223b4e3b7d),
('jd0jonc59jlvi62r6dro6e6e35n91rde', '::1', 1557961731, 0x5f5f63695f6c6173745f726567656e65726174657c693a313535373936313733313b757365725f6c6f67696e7c613a31303a7b733a323a226964223b733a313a2232223b733a343a22726f6c65223b733a333a22643031223b733a383a22757365726e616d65223b733a353a2261646d696e223b733a31353a226e6f5f686170655f70657475676173223b733a383a223435333438353033223b733a31303a22637265617465645f6f6e223b733a31393a22323031382d30352d31332030363a33323a3533223b733a31303a226c6173745f6c6f67696e223b4e3b733a363a22616374697665223b4e3b733a393a226e616d615f726f6c65223b733a31353a2250656e67656c6f6c612050616e7469223b733a373a2269645f726f6c65223b733a313a2232223b733a393a22726f6c655f6b6f6465223b4e3b7d),
('jdpd38ba4telb35rq8n6ti24insplg5c', '::1', 1558573450, 0x5f5f63695f6c6173745f726567656e65726174657c693a313535383537333435303b757365725f6c6f67696e7c613a31303a7b733a323a226964223b733a313a2232223b733a343a22726f6c65223b733a333a22643031223b733a383a22757365726e616d65223b733a353a2261646d696e223b733a31353a226e6f5f686170655f70657475676173223b733a383a223435333438353033223b733a31303a22637265617465645f6f6e223b733a31393a22323031382d30352d31332030363a33323a3533223b733a31303a226c6173745f6c6f67696e223b4e3b733a363a22616374697665223b4e3b733a393a226e616d615f726f6c65223b733a31353a2250656e67656c6f6c612050616e7469223b733a373a2269645f726f6c65223b733a313a2232223b733a393a22726f6c655f6b6f6465223b4e3b7d),
('jfkdnmic3k1rfka17ibl2dd262trb0gf', '::1', 1557800419, 0x5f5f63695f6c6173745f726567656e65726174657c693a313535373830303431393b757365725f6c6f67696e7c613a31303a7b733a323a226964223b733a313a2232223b733a343a22726f6c65223b733a333a22643031223b733a383a22757365726e616d65223b733a353a2261646d696e223b733a31353a226e6f5f686170655f70657475676173223b733a383a223435333438353033223b733a31303a22637265617465645f6f6e223b733a31393a22323031382d30352d31332030363a33323a3533223b733a31303a226c6173745f6c6f67696e223b4e3b733a363a22616374697665223b4e3b733a393a226e616d615f726f6c65223b733a353a2241646d696e223b733a373a2269645f726f6c65223b733a313a2232223b733a393a22726f6c655f6b6f6465223b4e3b7d),
('jmfc2b0u0taqc4ai01p8kmhpfe8kb5od', '::1', 1557991811, 0x5f5f63695f6c6173745f726567656e65726174657c693a313535373939313831313b757365725f6c6f67696e7c613a31303a7b733a323a226964223b733a313a2232223b733a343a22726f6c65223b733a333a22643031223b733a383a22757365726e616d65223b733a353a2261646d696e223b733a31353a226e6f5f686170655f70657475676173223b733a383a223435333438353033223b733a31303a22637265617465645f6f6e223b733a31393a22323031382d30352d31332030363a33323a3533223b733a31303a226c6173745f6c6f67696e223b4e3b733a363a22616374697665223b4e3b733a393a226e616d615f726f6c65223b733a31353a2250656e67656c6f6c612050616e7469223b733a373a2269645f726f6c65223b733a313a2232223b733a393a22726f6c655f6b6f6465223b4e3b7d6d6573736167657c613a323a7b733a343a2274797065223b733a373a2273756363657373223b733a373a226d657373616765223b613a313a7b693a303b733a33303a2253756b736573204d656e616d6261682053746f7279204b6567696174616e223b7d7d5f5f63695f766172737c613a313a7b733a373a226d657373616765223b733a333a226f6c64223b7d),
('josn3ma73uhjag01sv34tf7hmclodkbj', '::1', 1558527777, 0x5f5f63695f6c6173745f726567656e65726174657c693a313535383532373737373b757365725f6c6f67696e7c613a31303a7b733a323a226964223b733a313a2232223b733a343a22726f6c65223b733a333a22643031223b733a383a22757365726e616d65223b733a353a2261646d696e223b733a31353a226e6f5f686170655f70657475676173223b733a383a223435333438353033223b733a31303a22637265617465645f6f6e223b733a31393a22323031382d30352d31332030363a33323a3533223b733a31303a226c6173745f6c6f67696e223b4e3b733a363a22616374697665223b4e3b733a393a226e616d615f726f6c65223b733a31353a2250656e67656c6f6c612050616e7469223b733a373a2269645f726f6c65223b733a313a2232223b733a393a22726f6c655f6b6f6465223b4e3b7d),
('jp7ma5lgtg4l3aftq39t7654h9318k8t', '::1', 1557989910, 0x5f5f63695f6c6173745f726567656e65726174657c693a313535373938393931303b757365725f6c6f67696e7c613a31303a7b733a323a226964223b733a313a2232223b733a343a22726f6c65223b733a333a22643031223b733a383a22757365726e616d65223b733a353a2261646d696e223b733a31353a226e6f5f686170655f70657475676173223b733a383a223435333438353033223b733a31303a22637265617465645f6f6e223b733a31393a22323031382d30352d31332030363a33323a3533223b733a31303a226c6173745f6c6f67696e223b4e3b733a363a22616374697665223b4e3b733a393a226e616d615f726f6c65223b733a31353a2250656e67656c6f6c612050616e7469223b733a373a2269645f726f6c65223b733a313a2232223b733a393a22726f6c655f6b6f6465223b4e3b7d),
('jptj1gjd2d9dao169fmi7damlemc3jav', '::1', 1557992487, 0x5f5f63695f6c6173745f726567656e65726174657c693a313535373939323438373b757365725f6c6f67696e7c613a31303a7b733a323a226964223b733a313a2232223b733a343a22726f6c65223b733a333a22643031223b733a383a22757365726e616d65223b733a353a2261646d696e223b733a31353a226e6f5f686170655f70657475676173223b733a383a223435333438353033223b733a31303a22637265617465645f6f6e223b733a31393a22323031382d30352d31332030363a33323a3533223b733a31303a226c6173745f6c6f67696e223b4e3b733a363a22616374697665223b4e3b733a393a226e616d615f726f6c65223b733a31353a2250656e67656c6f6c612050616e7469223b733a373a2269645f726f6c65223b733a313a2232223b733a393a22726f6c655f6b6f6465223b4e3b7d),
('kihuo06teopc1e4nidf3rtpq2aqto2ri', '::1', 1557958703, 0x5f5f63695f6c6173745f726567656e65726174657c693a313535373935383730333b757365725f6c6f67696e7c613a31303a7b733a323a226964223b733a313a2232223b733a343a22726f6c65223b733a333a22643031223b733a383a22757365726e616d65223b733a353a2261646d696e223b733a31353a226e6f5f686170655f70657475676173223b733a383a223435333438353033223b733a31303a22637265617465645f6f6e223b733a31393a22323031382d30352d31332030363a33323a3533223b733a31303a226c6173745f6c6f67696e223b4e3b733a363a22616374697665223b4e3b733a393a226e616d615f726f6c65223b733a31353a2250656e67656c6f6c612050616e7469223b733a373a2269645f726f6c65223b733a313a2232223b733a393a22726f6c655f6b6f6465223b4e3b7d),
('kjhfc4g40pcfagdgc6cff541fnm1d6n8', '::1', 1557804078, 0x5f5f63695f6c6173745f726567656e65726174657c693a313535373830343037383b757365725f6c6f67696e7c613a31303a7b733a323a226964223b733a313a2232223b733a343a22726f6c65223b733a333a22643031223b733a383a22757365726e616d65223b733a353a2261646d696e223b733a31353a226e6f5f686170655f70657475676173223b733a383a223435333438353033223b733a31303a22637265617465645f6f6e223b733a31393a22323031382d30352d31332030363a33323a3533223b733a31303a226c6173745f6c6f67696e223b4e3b733a363a22616374697665223b4e3b733a393a226e616d615f726f6c65223b733a353a2241646d696e223b733a373a2269645f726f6c65223b733a313a2232223b733a393a22726f6c655f6b6f6465223b4e3b7d6d6573736167657c613a323a7b733a343a2274797065223b733a373a2273756363657373223b733a373a226d657373616765223b613a313a7b693a303b733a32313a225573657220426572686173696c2044696861707573223b7d7d5f5f63695f766172737c613a313a7b733a373a226d657373616765223b733a333a226e6577223b7d),
('kjk2uk01crqb9osh7d68l3lqr1095lkt', '::1', 1557800054, 0x5f5f63695f6c6173745f726567656e65726174657c693a313535373830303035343b757365725f6c6f67696e7c613a31303a7b733a323a226964223b733a313a2232223b733a343a22726f6c65223b733a333a22643031223b733a383a22757365726e616d65223b733a353a2261646d696e223b733a31353a226e6f5f686170655f70657475676173223b733a383a223435333438353033223b733a31303a22637265617465645f6f6e223b733a31393a22323031382d30352d31332030363a33323a3533223b733a31303a226c6173745f6c6f67696e223b4e3b733a363a22616374697665223b4e3b733a393a226e616d615f726f6c65223b733a353a2241646d696e223b733a373a2269645f726f6c65223b733a313a2232223b733a393a22726f6c655f6b6f6465223b4e3b7d),
('knrtko1r0q6hkdq283n77lgus6v58u27', '::1', 1557804956, 0x5f5f63695f6c6173745f726567656e65726174657c693a313535373830343935363b757365725f6c6f67696e7c613a31303a7b733a323a226964223b733a313a2232223b733a343a22726f6c65223b733a333a22643031223b733a383a22757365726e616d65223b733a353a2261646d696e223b733a31353a226e6f5f686170655f70657475676173223b733a383a223435333438353033223b733a31303a22637265617465645f6f6e223b733a31393a22323031382d30352d31332030363a33323a3533223b733a31303a226c6173745f6c6f67696e223b4e3b733a363a22616374697665223b4e3b733a393a226e616d615f726f6c65223b733a353a2241646d696e223b733a373a2269645f726f6c65223b733a313a2232223b733a393a22726f6c655f6b6f6465223b4e3b7d),
('ko6dcsckp5hbtdg9voc6lip57o21h4m5', '::1', 1558573779, 0x5f5f63695f6c6173745f726567656e65726174657c693a313535383537333737393b757365725f6c6f67696e7c613a31303a7b733a323a226964223b733a313a2232223b733a343a22726f6c65223b733a333a22643031223b733a383a22757365726e616d65223b733a353a2261646d696e223b733a31353a226e6f5f686170655f70657475676173223b733a383a223435333438353033223b733a31303a22637265617465645f6f6e223b733a31393a22323031382d30352d31332030363a33323a3533223b733a31303a226c6173745f6c6f67696e223b4e3b733a363a22616374697665223b4e3b733a393a226e616d615f726f6c65223b733a31353a2250656e67656c6f6c612050616e7469223b733a373a2269645f726f6c65223b733a313a2232223b733a393a22726f6c655f6b6f6465223b4e3b7d),
('lm84krmodchn6iimg7rhosrmgp4v0pol', '::1', 1557965912, 0x5f5f63695f6c6173745f726567656e65726174657c693a313535373936353931323b757365725f6c6f67696e7c613a31303a7b733a323a226964223b733a313a2232223b733a343a22726f6c65223b733a333a22643031223b733a383a22757365726e616d65223b733a353a2261646d696e223b733a31353a226e6f5f686170655f70657475676173223b733a383a223435333438353033223b733a31303a22637265617465645f6f6e223b733a31393a22323031382d30352d31332030363a33323a3533223b733a31303a226c6173745f6c6f67696e223b4e3b733a363a22616374697665223b4e3b733a393a226e616d615f726f6c65223b733a31353a2250656e67656c6f6c612050616e7469223b733a373a2269645f726f6c65223b733a313a2232223b733a393a22726f6c655f6b6f6465223b4e3b7d),
('lv5n9il3t8udijn4bmni3bsi3q3g6sh6', '::1', 1557994751, 0x5f5f63695f6c6173745f726567656e65726174657c693a313535373939343734393b757365725f6c6f67696e7c613a31303a7b733a323a226964223b733a313a2232223b733a343a22726f6c65223b733a333a22643031223b733a383a22757365726e616d65223b733a353a2261646d696e223b733a31353a226e6f5f686170655f70657475676173223b733a383a223435333438353033223b733a31303a22637265617465645f6f6e223b733a31393a22323031382d30352d31332030363a33323a3533223b733a31303a226c6173745f6c6f67696e223b4e3b733a363a22616374697665223b4e3b733a393a226e616d615f726f6c65223b733a31353a2250656e67656c6f6c612050616e7469223b733a373a2269645f726f6c65223b733a313a2232223b733a393a22726f6c655f6b6f6465223b4e3b7d),
('m3idub4psi1pk8r307kpd1l6ud5tk3m8', '::1', 1557961289, 0x5f5f63695f6c6173745f726567656e65726174657c693a313535373936313238393b757365725f6c6f67696e7c613a31303a7b733a323a226964223b733a313a2232223b733a343a22726f6c65223b733a333a22643031223b733a383a22757365726e616d65223b733a353a2261646d696e223b733a31353a226e6f5f686170655f70657475676173223b733a383a223435333438353033223b733a31303a22637265617465645f6f6e223b733a31393a22323031382d30352d31332030363a33323a3533223b733a31303a226c6173745f6c6f67696e223b4e3b733a363a22616374697665223b4e3b733a393a226e616d615f726f6c65223b733a31353a2250656e67656c6f6c612050616e7469223b733a373a2269645f726f6c65223b733a313a2232223b733a393a22726f6c655f6b6f6465223b4e3b7d),
('mcaq05un3redfncuja8c4q366kpinv5q', '::1', 1558529489, 0x5f5f63695f6c6173745f726567656e65726174657c693a313535383532393438393b757365725f6c6f67696e7c613a31303a7b733a323a226964223b733a313a2232223b733a343a22726f6c65223b733a333a22643031223b733a383a22757365726e616d65223b733a353a2261646d696e223b733a31353a226e6f5f686170655f70657475676173223b733a383a223435333438353033223b733a31303a22637265617465645f6f6e223b733a31393a22323031382d30352d31332030363a33323a3533223b733a31303a226c6173745f6c6f67696e223b4e3b733a363a22616374697665223b4e3b733a393a226e616d615f726f6c65223b733a31353a2250656e67656c6f6c612050616e7469223b733a373a2269645f726f6c65223b733a313a2232223b733a393a22726f6c655f6b6f6465223b4e3b7d),
('mjeaifnrkk1shntctllo4o8681jjm8ei', '::1', 1557803222, 0x5f5f63695f6c6173745f726567656e65726174657c693a313535373830333232323b757365725f6c6f67696e7c613a31303a7b733a323a226964223b733a313a2232223b733a343a22726f6c65223b733a333a22643031223b733a383a22757365726e616d65223b733a353a2261646d696e223b733a31353a226e6f5f686170655f70657475676173223b733a383a223435333438353033223b733a31303a22637265617465645f6f6e223b733a31393a22323031382d30352d31332030363a33323a3533223b733a31303a226c6173745f6c6f67696e223b4e3b733a363a22616374697665223b4e3b733a393a226e616d615f726f6c65223b733a353a2241646d696e223b733a373a2269645f726f6c65223b733a313a2232223b733a393a22726f6c655f6b6f6465223b4e3b7d),
('ni1nhuca2uajm1b7bcknc6g7pvefp2s4', '::1', 1557798172, 0x5f5f63695f6c6173745f726567656e65726174657c693a313535373739383137313b757365725f6c6f67696e7c613a31303a7b733a323a226964223b733a313a2232223b733a343a22726f6c65223b733a333a22643031223b733a383a22757365726e616d65223b733a353a2261646d696e223b733a31353a226e6f5f686170655f70657475676173223b733a383a223435333438353033223b733a31303a22637265617465645f6f6e223b733a31393a22323031382d30352d31332030363a33323a3533223b733a31303a226c6173745f6c6f67696e223b4e3b733a363a22616374697665223b4e3b733a393a226e616d615f726f6c65223b733a353a2241646d696e223b733a373a2269645f726f6c65223b733a313a2232223b733a393a22726f6c655f6b6f6465223b4e3b7d),
('niccrjvtbqnvb715om2l06ajcernir8f', '::1', 1558528137, 0x5f5f63695f6c6173745f726567656e65726174657c693a313535383532383133373b757365725f6c6f67696e7c613a31303a7b733a323a226964223b733a313a2232223b733a343a22726f6c65223b733a333a22643031223b733a383a22757365726e616d65223b733a353a2261646d696e223b733a31353a226e6f5f686170655f70657475676173223b733a383a223435333438353033223b733a31303a22637265617465645f6f6e223b733a31393a22323031382d30352d31332030363a33323a3533223b733a31303a226c6173745f6c6f67696e223b4e3b733a363a22616374697665223b4e3b733a393a226e616d615f726f6c65223b733a31353a2250656e67656c6f6c612050616e7469223b733a373a2269645f726f6c65223b733a313a2232223b733a393a22726f6c655f6b6f6465223b4e3b7d),
('npe956qbli8qsc8hl363ao9j6tvlhp6d', '::1', 1557900330, 0x5f5f63695f6c6173745f726567656e65726174657c693a313535373930303237343b757365725f6c6f67696e7c613a31303a7b733a323a226964223b733a313a2232223b733a343a22726f6c65223b733a333a22643031223b733a383a22757365726e616d65223b733a353a2261646d696e223b733a31353a226e6f5f686170655f70657475676173223b733a383a223435333438353033223b733a31303a22637265617465645f6f6e223b733a31393a22323031382d30352d31332030363a33323a3533223b733a31303a226c6173745f6c6f67696e223b4e3b733a363a22616374697665223b4e3b733a393a226e616d615f726f6c65223b733a31353a2250656e67656c6f6c612050616e7469223b733a373a2269645f726f6c65223b733a313a2232223b733a393a22726f6c655f6b6f6465223b4e3b7d),
('nqihq8rct20ss4pd5c85p7tfg4vh8f2s', '::1', 1558530592, 0x5f5f63695f6c6173745f726567656e65726174657c693a313535383533303539323b757365725f6c6f67696e7c613a31303a7b733a323a226964223b733a313a2232223b733a343a22726f6c65223b733a333a22643031223b733a383a22757365726e616d65223b733a353a2261646d696e223b733a31353a226e6f5f686170655f70657475676173223b733a383a223435333438353033223b733a31303a22637265617465645f6f6e223b733a31393a22323031382d30352d31332030363a33323a3533223b733a31303a226c6173745f6c6f67696e223b4e3b733a363a22616374697665223b4e3b733a393a226e616d615f726f6c65223b733a31353a2250656e67656c6f6c612050616e7469223b733a373a2269645f726f6c65223b733a313a2232223b733a393a22726f6c655f6b6f6465223b4e3b7d),
('ou16paacped2n0pbiebb4ffn5pcde5dn', '::1', 1557802193, 0x5f5f63695f6c6173745f726567656e65726174657c693a313535373830323139333b757365725f6c6f67696e7c613a31303a7b733a323a226964223b733a313a2232223b733a343a22726f6c65223b733a333a22643031223b733a383a22757365726e616d65223b733a353a2261646d696e223b733a31353a226e6f5f686170655f70657475676173223b733a383a223435333438353033223b733a31303a22637265617465645f6f6e223b733a31393a22323031382d30352d31332030363a33323a3533223b733a31303a226c6173745f6c6f67696e223b4e3b733a363a22616374697665223b4e3b733a393a226e616d615f726f6c65223b733a353a2241646d696e223b733a373a2269645f726f6c65223b733a313a2232223b733a393a22726f6c655f6b6f6465223b4e3b7d),
('p32i6e20fagjtqmfmfl8rfconjija5bm', '::1', 1557964337, 0x5f5f63695f6c6173745f726567656e65726174657c693a313535373936343333373b757365725f6c6f67696e7c613a31303a7b733a323a226964223b733a313a2232223b733a343a22726f6c65223b733a333a22643031223b733a383a22757365726e616d65223b733a353a2261646d696e223b733a31353a226e6f5f686170655f70657475676173223b733a383a223435333438353033223b733a31303a22637265617465645f6f6e223b733a31393a22323031382d30352d31332030363a33323a3533223b733a31303a226c6173745f6c6f67696e223b4e3b733a363a22616374697665223b4e3b733a393a226e616d615f726f6c65223b733a31353a2250656e67656c6f6c612050616e7469223b733a373a2269645f726f6c65223b733a313a2232223b733a393a22726f6c655f6b6f6465223b4e3b7d),
('pcq4c5qp9qocdoofafmle41t36s7ku0l', '::1', 1558515503, 0x5f5f63695f6c6173745f726567656e65726174657c693a313535383531353530333b),
('phk9la7plf3ol789mf29gdqp4ofar7lm', '::1', 1557798712, 0x5f5f63695f6c6173745f726567656e65726174657c693a313535373739383731323b757365725f6c6f67696e7c613a31303a7b733a323a226964223b733a313a2232223b733a343a22726f6c65223b733a333a22643031223b733a383a22757365726e616d65223b733a353a2261646d696e223b733a31353a226e6f5f686170655f70657475676173223b733a383a223435333438353033223b733a31303a22637265617465645f6f6e223b733a31393a22323031382d30352d31332030363a33323a3533223b733a31303a226c6173745f6c6f67696e223b4e3b733a363a22616374697665223b4e3b733a393a226e616d615f726f6c65223b733a353a2241646d696e223b733a373a2269645f726f6c65223b733a313a2232223b733a393a22726f6c655f6b6f6465223b4e3b7d),
('qa9s7uu34t69s480g3uvvvvhd2e72i4f', '::1', 1558550974, 0x5f5f63695f6c6173745f726567656e65726174657c693a313535383535303937343b757365725f6c6f67696e7c613a31303a7b733a323a226964223b733a313a2232223b733a343a22726f6c65223b733a333a22643031223b733a383a22757365726e616d65223b733a353a2261646d696e223b733a31353a226e6f5f686170655f70657475676173223b733a383a223435333438353033223b733a31303a22637265617465645f6f6e223b733a31393a22323031382d30352d31332030363a33323a3533223b733a31303a226c6173745f6c6f67696e223b4e3b733a363a22616374697665223b4e3b733a393a226e616d615f726f6c65223b733a31353a2250656e67656c6f6c612050616e7469223b733a373a2269645f726f6c65223b733a313a2232223b733a393a22726f6c655f6b6f6465223b4e3b7d),
('qabhlq6lokqoo27k41v6iadcifgktnef', '::1', 1558576261, 0x5f5f63695f6c6173745f726567656e65726174657c693a313535383537363236313b757365725f6c6f67696e7c613a31303a7b733a323a226964223b733a313a2232223b733a343a22726f6c65223b733a333a22643031223b733a383a22757365726e616d65223b733a353a2261646d696e223b733a31353a226e6f5f686170655f70657475676173223b733a383a223435333438353033223b733a31303a22637265617465645f6f6e223b733a31393a22323031382d30352d31332030363a33323a3533223b733a31303a226c6173745f6c6f67696e223b4e3b733a363a22616374697665223b4e3b733a393a226e616d615f726f6c65223b733a31353a2250656e67656c6f6c612050616e7469223b733a373a2269645f726f6c65223b733a313a2232223b733a393a22726f6c655f6b6f6465223b4e3b7d),
('qjampdq0spcj2g4ijovatpqrvhm3ujrn', '::1', 1557801229, 0x5f5f63695f6c6173745f726567656e65726174657c693a313535373830313232393b757365725f6c6f67696e7c613a31303a7b733a323a226964223b733a313a2232223b733a343a22726f6c65223b733a333a22643031223b733a383a22757365726e616d65223b733a353a2261646d696e223b733a31353a226e6f5f686170655f70657475676173223b733a383a223435333438353033223b733a31303a22637265617465645f6f6e223b733a31393a22323031382d30352d31332030363a33323a3533223b733a31303a226c6173745f6c6f67696e223b4e3b733a363a22616374697665223b4e3b733a393a226e616d615f726f6c65223b733a353a2241646d696e223b733a373a2269645f726f6c65223b733a313a2232223b733a393a22726f6c655f6b6f6465223b4e3b7d),
('qlgcir7rurro5fcncb3hdhadqte1e6p3', '::1', 1557801809, 0x5f5f63695f6c6173745f726567656e65726174657c693a313535373830313830393b757365725f6c6f67696e7c613a31303a7b733a323a226964223b733a313a2232223b733a343a22726f6c65223b733a333a22643031223b733a383a22757365726e616d65223b733a353a2261646d696e223b733a31353a226e6f5f686170655f70657475676173223b733a383a223435333438353033223b733a31303a22637265617465645f6f6e223b733a31393a22323031382d30352d31332030363a33323a3533223b733a31303a226c6173745f6c6f67696e223b4e3b733a363a22616374697665223b4e3b733a393a226e616d615f726f6c65223b733a353a2241646d696e223b733a373a2269645f726f6c65223b733a313a2232223b733a393a22726f6c655f6b6f6465223b4e3b7d),
('rjvhk4954n7gotiobo36akn5d8ulctkj', '::1', 1558551537, 0x5f5f63695f6c6173745f726567656e65726174657c693a313535383535313533373b757365725f6c6f67696e7c613a31303a7b733a323a226964223b733a313a2232223b733a343a22726f6c65223b733a333a22643031223b733a383a22757365726e616d65223b733a353a2261646d696e223b733a31353a226e6f5f686170655f70657475676173223b733a383a223435333438353033223b733a31303a22637265617465645f6f6e223b733a31393a22323031382d30352d31332030363a33323a3533223b733a31303a226c6173745f6c6f67696e223b4e3b733a363a22616374697665223b4e3b733a393a226e616d615f726f6c65223b733a31353a2250656e67656c6f6c612050616e7469223b733a373a2269645f726f6c65223b733a313a2232223b733a393a22726f6c655f6b6f6465223b4e3b7d),
('rl4hv356ar71in5k6vabk630hti9q4em', '::1', 1558076961, 0x5f5f63695f6c6173745f726567656e65726174657c693a313535383037363932363b757365725f6c6f67696e7c613a31303a7b733a323a226964223b733a313a2232223b733a343a22726f6c65223b733a333a22643031223b733a383a22757365726e616d65223b733a353a2261646d696e223b733a31353a226e6f5f686170655f70657475676173223b733a383a223435333438353033223b733a31303a22637265617465645f6f6e223b733a31393a22323031382d30352d31332030363a33323a3533223b733a31303a226c6173745f6c6f67696e223b4e3b733a363a22616374697665223b4e3b733a393a226e616d615f726f6c65223b733a31353a2250656e67656c6f6c612050616e7469223b733a373a2269645f726f6c65223b733a313a2232223b733a393a22726f6c655f6b6f6465223b4e3b7d),
('ru6vaiaq02q01n2eqcfpl6m8tplhuidu', '::1', 1558517929, 0x5f5f63695f6c6173745f726567656e65726174657c693a313535383531373932393b757365725f6c6f67696e7c613a31303a7b733a323a226964223b733a313a2232223b733a343a22726f6c65223b733a333a22643031223b733a383a22757365726e616d65223b733a353a2261646d696e223b733a31353a226e6f5f686170655f70657475676173223b733a383a223435333438353033223b733a31303a22637265617465645f6f6e223b733a31393a22323031382d30352d31332030363a33323a3533223b733a31303a226c6173745f6c6f67696e223b4e3b733a363a22616374697665223b4e3b733a393a226e616d615f726f6c65223b733a31353a2250656e67656c6f6c612050616e7469223b733a373a2269645f726f6c65223b733a313a2232223b733a393a22726f6c655f6b6f6465223b4e3b7d),
('sb5j7j7o4bb5nittne6vrsc96c8iuo43', '::1', 1558580238, 0x5f5f63695f6c6173745f726567656e65726174657c693a313535383538303233383b757365725f6c6f67696e7c613a31303a7b733a323a226964223b733a313a2232223b733a343a22726f6c65223b733a333a22643031223b733a383a22757365726e616d65223b733a353a2261646d696e223b733a31353a226e6f5f686170655f70657475676173223b733a383a223435333438353033223b733a31303a22637265617465645f6f6e223b733a31393a22323031382d30352d31332030363a33323a3533223b733a31303a226c6173745f6c6f67696e223b4e3b733a363a22616374697665223b4e3b733a393a226e616d615f726f6c65223b733a31353a2250656e67656c6f6c612050616e7469223b733a373a2269645f726f6c65223b733a313a2232223b733a393a22726f6c655f6b6f6465223b4e3b7d6d6573736167657c613a323a7b733a343a2274797065223b733a373a2273756363657373223b733a373a226d657373616765223b613a313a7b693a303b733a32373a2253756b736573204d656e616d6261682050656e67656c756172616e223b7d7d5f5f63695f766172737c613a313a7b733a373a226d657373616765223b733a333a226f6c64223b7d),
('sh5qqpbib8k8g9bdkcd6boqmkuolnvqk', '::1', 1558551642, 0x5f5f63695f6c6173745f726567656e65726174657c693a313535383535313533373b757365725f6c6f67696e7c613a31303a7b733a323a226964223b733a313a2232223b733a343a22726f6c65223b733a333a22643031223b733a383a22757365726e616d65223b733a353a2261646d696e223b733a31353a226e6f5f686170655f70657475676173223b733a383a223435333438353033223b733a31303a22637265617465645f6f6e223b733a31393a22323031382d30352d31332030363a33323a3533223b733a31303a226c6173745f6c6f67696e223b4e3b733a363a22616374697665223b4e3b733a393a226e616d615f726f6c65223b733a31353a2250656e67656c6f6c612050616e7469223b733a373a2269645f726f6c65223b733a313a2232223b733a393a22726f6c655f6b6f6465223b4e3b7d),
('skas1l8gr12dgvu63l7cvpsjpvac6ndr', '::1', 1557805767, 0x5f5f63695f6c6173745f726567656e65726174657c693a313535373830353733383b757365725f6c6f67696e7c613a31303a7b733a323a226964223b733a313a2230223b733a343a22726f6c65223b733a343a2261703031223b733a383a22757365726e616d65223b733a383a226172696e69707573223b733a31353a226e6f5f686170655f70657475676173223b4e3b733a31303a22637265617465645f6f6e223b733a31303a22323031392d30352d3134223b733a31303a226c6173745f6c6f67696e223b4e3b733a363a22616374697665223b4e3b733a393a226e616d615f726f6c65223b733a31303a22416e616b2050616e7469223b733a373a2269645f726f6c65223b733a313a2234223b733a393a22726f6c655f6b6f6465223b4e3b7d),
('slpuipo2m8ten40tcgiuffn3ldn5o582', '::1', 1558581829, 0x5f5f63695f6c6173745f726567656e65726174657c693a313535383538313832393b757365725f6c6f67696e7c613a31303a7b733a323a226964223b733a313a2230223b733a343a22726f6c65223b733a333a22703031223b733a383a22757365726e616d65223b733a31353a22313031313135313030303030313020223b733a31353a226e6f5f686170655f70657475676173223b733a31323a22303835373336383633323632223b733a31303a22637265617465645f6f6e223b733a31303a22323031392d30332d3031223b733a31303a226c6173745f6c6f67696e223b4e3b733a363a22616374697665223b4e3b733a393a226e616d615f726f6c65223b733a373a22446f6e61747572223b733a373a2269645f726f6c65223b733a313a2233223b733a393a22726f6c655f6b6f6465223b4e3b7d);
INSERT INTO `ci_sessions_kantor` (`id`, `ip_address`, `timestamp`, `data`) VALUES
('sudmi59r6vq35d8dmm5s8r96ak9i1iuv', '::1', 1557805312, 0x5f5f63695f6c6173745f726567656e65726174657c693a313535373830353331323b757365725f6c6f67696e7c613a31303a7b733a323a226964223b733a313a2230223b733a343a22726f6c65223b733a343a2261703031223b733a383a22757365726e616d65223b733a383a226172696e69707573223b733a31353a226e6f5f686170655f70657475676173223b4e3b733a31303a22637265617465645f6f6e223b733a31303a22323031392d30352d3134223b733a31303a226c6173745f6c6f67696e223b4e3b733a363a22616374697665223b4e3b733a393a226e616d615f726f6c65223b733a31303a22416e616b2050616e7469223b733a373a2269645f726f6c65223b733a313a2234223b733a393a22726f6c655f6b6f6465223b4e3b7d),
('t0cacr8utjehv7ea1i5rtod3u27oq96o', '::1', 1558517061, 0x5f5f63695f6c6173745f726567656e65726174657c693a313535383531373036313b757365725f6c6f67696e7c613a31303a7b733a323a226964223b733a313a2232223b733a343a22726f6c65223b733a333a22643031223b733a383a22757365726e616d65223b733a353a2261646d696e223b733a31353a226e6f5f686170655f70657475676173223b733a383a223435333438353033223b733a31303a22637265617465645f6f6e223b733a31393a22323031382d30352d31332030363a33323a3533223b733a31303a226c6173745f6c6f67696e223b4e3b733a363a22616374697665223b4e3b733a393a226e616d615f726f6c65223b733a31353a2250656e67656c6f6c612050616e7469223b733a373a2269645f726f6c65223b733a313a2232223b733a393a22726f6c655f6b6f6465223b4e3b7d),
('th653o8bbs3j2kf90r2fhdpdv1osvok4', '::1', 1557800924, 0x5f5f63695f6c6173745f726567656e65726174657c693a313535373830303932343b757365725f6c6f67696e7c613a31303a7b733a323a226964223b733a313a2232223b733a343a22726f6c65223b733a333a22643031223b733a383a22757365726e616d65223b733a353a2261646d696e223b733a31353a226e6f5f686170655f70657475676173223b733a383a223435333438353033223b733a31303a22637265617465645f6f6e223b733a31393a22323031382d30352d31332030363a33323a3533223b733a31303a226c6173745f6c6f67696e223b4e3b733a363a22616374697665223b4e3b733a393a226e616d615f726f6c65223b733a353a2241646d696e223b733a373a2269645f726f6c65223b733a313a2232223b733a393a22726f6c655f6b6f6465223b4e3b7d),
('uab3550cojm949t99cebj1egkiqdkkme', '::1', 1557960356, 0x5f5f63695f6c6173745f726567656e65726174657c693a313535373936303335363b757365725f6c6f67696e7c613a31303a7b733a323a226964223b733a313a2232223b733a343a22726f6c65223b733a333a22643031223b733a383a22757365726e616d65223b733a353a2261646d696e223b733a31353a226e6f5f686170655f70657475676173223b733a383a223435333438353033223b733a31303a22637265617465645f6f6e223b733a31393a22323031382d30352d31332030363a33323a3533223b733a31303a226c6173745f6c6f67696e223b4e3b733a363a22616374697665223b4e3b733a393a226e616d615f726f6c65223b733a31353a2250656e67656c6f6c612050616e7469223b733a373a2269645f726f6c65223b733a313a2232223b733a393a22726f6c655f6b6f6465223b4e3b7d),
('um7noro4avmrr1roapsrtl0i746fc552', '::1', 1557959778, 0x5f5f63695f6c6173745f726567656e65726174657c693a313535373935393737383b757365725f6c6f67696e7c613a31303a7b733a323a226964223b733a313a2232223b733a343a22726f6c65223b733a333a22643031223b733a383a22757365726e616d65223b733a353a2261646d696e223b733a31353a226e6f5f686170655f70657475676173223b733a383a223435333438353033223b733a31303a22637265617465645f6f6e223b733a31393a22323031382d30352d31332030363a33323a3533223b733a31303a226c6173745f6c6f67696e223b4e3b733a363a22616374697665223b4e3b733a393a226e616d615f726f6c65223b733a31353a2250656e67656c6f6c612050616e7469223b733a373a2269645f726f6c65223b733a313a2232223b733a393a22726f6c655f6b6f6465223b4e3b7d),
('v8g1bkf4efo6b514vd91qsp6rbv7jvjv', '::1', 1557962038, 0x5f5f63695f6c6173745f726567656e65726174657c693a313535373936323033383b757365725f6c6f67696e7c613a31303a7b733a323a226964223b733a313a2232223b733a343a22726f6c65223b733a333a22643031223b733a383a22757365726e616d65223b733a353a2261646d696e223b733a31353a226e6f5f686170655f70657475676173223b733a383a223435333438353033223b733a31303a22637265617465645f6f6e223b733a31393a22323031382d30352d31332030363a33323a3533223b733a31303a226c6173745f6c6f67696e223b4e3b733a363a22616374697665223b4e3b733a393a226e616d615f726f6c65223b733a31353a2250656e67656c6f6c612050616e7469223b733a373a2269645f726f6c65223b733a313a2232223b733a393a22726f6c655f6b6f6465223b4e3b7d),
('vifafjir7itdan86af0576a3c8d42nq3', '::1', 1557966074, 0x5f5f63695f6c6173745f726567656e65726174657c693a313535373936353931323b757365725f6c6f67696e7c613a31303a7b733a323a226964223b733a313a2232223b733a343a22726f6c65223b733a333a22643031223b733a383a22757365726e616d65223b733a353a2261646d696e223b733a31353a226e6f5f686170655f70657475676173223b733a383a223435333438353033223b733a31303a22637265617465645f6f6e223b733a31393a22323031382d30352d31332030363a33323a3533223b733a31303a226c6173745f6c6f67696e223b4e3b733a363a22616374697665223b4e3b733a393a226e616d615f726f6c65223b733a31353a2250656e67656c6f6c612050616e7469223b733a373a2269645f726f6c65223b733a313a2232223b733a393a22726f6c655f6b6f6465223b4e3b7d),
('vnogcjd3qkbgmm54cis6cio0b7kmdvov', '::1', 1557797139, 0x5f5f63695f6c6173745f726567656e65726174657c693a313535373739373133393b757365725f6c6f67696e7c613a31303a7b733a323a226964223b733a313a2232223b733a343a22726f6c65223b733a333a22643031223b733a383a22757365726e616d65223b733a353a2261646d696e223b733a31353a226e6f5f686170655f70657475676173223b733a383a223435333438353033223b733a31303a22637265617465645f6f6e223b733a31393a22323031382d30352d31332030363a33323a3533223b733a31303a226c6173745f6c6f67696e223b4e3b733a363a22616374697665223b4e3b733a393a226e616d615f726f6c65223b733a353a2241646d696e223b733a373a2269645f726f6c65223b733a313a2232223b733a393a22726f6c655f6b6f6465223b4e3b7d),
('vokenet7r1mhg6aljoelc9dbjhgnreed', '::1', 1557962374, 0x5f5f63695f6c6173745f726567656e65726174657c693a313535373936323337343b757365725f6c6f67696e7c613a31303a7b733a323a226964223b733a313a2232223b733a343a22726f6c65223b733a333a22643031223b733a383a22757365726e616d65223b733a353a2261646d696e223b733a31353a226e6f5f686170655f70657475676173223b733a383a223435333438353033223b733a31303a22637265617465645f6f6e223b733a31393a22323031382d30352d31332030363a33323a3533223b733a31303a226c6173745f6c6f67696e223b4e3b733a363a22616374697665223b4e3b733a393a226e616d615f726f6c65223b733a31353a2250656e67656c6f6c612050616e7469223b733a373a2269645f726f6c65223b733a313a2232223b733a393a22726f6c655f6b6f6465223b4e3b7d),
('vso0p2l7c4v3uk5mb6l17lqgiav2623m', '::1', 1557991069, 0x5f5f63695f6c6173745f726567656e65726174657c693a313535373939313036393b757365725f6c6f67696e7c613a31303a7b733a323a226964223b733a313a2232223b733a343a22726f6c65223b733a333a22643031223b733a383a22757365726e616d65223b733a353a2261646d696e223b733a31353a226e6f5f686170655f70657475676173223b733a383a223435333438353033223b733a31303a22637265617465645f6f6e223b733a31393a22323031382d30352d31332030363a33323a3533223b733a31303a226c6173745f6c6f67696e223b4e3b733a363a22616374697665223b4e3b733a393a226e616d615f726f6c65223b733a31353a2250656e67656c6f6c612050616e7469223b733a373a2269645f726f6c65223b733a313a2232223b733a393a22726f6c655f6b6f6465223b4e3b7d),
('vsr798nh2ambm15btj8n5iibbqocuqsl', '::1', 1557802577, 0x5f5f63695f6c6173745f726567656e65726174657c693a313535373830323537373b757365725f6c6f67696e7c613a31303a7b733a323a226964223b733a313a2232223b733a343a22726f6c65223b733a333a22643031223b733a383a22757365726e616d65223b733a353a2261646d696e223b733a31353a226e6f5f686170655f70657475676173223b733a383a223435333438353033223b733a31303a22637265617465645f6f6e223b733a31393a22323031382d30352d31332030363a33323a3533223b733a31303a226c6173745f6c6f67696e223b4e3b733a363a22616374697665223b4e3b733a393a226e616d615f726f6c65223b733a353a2241646d696e223b733a373a2269645f726f6c65223b733a313a2232223b733a393a22726f6c655f6b6f6465223b4e3b7d6d6573736167657c613a323a7b733a343a2274797065223b733a353a226572726f72223b733a373a226d657373616765223b613a313a7b693a303b733a32343a22557365726e616d6520537564616820446967756e616b616e223b7d7d5f5f63695f766172737c613a313a7b733a373a226d657373616765223b733a333a226f6c64223b7d);

-- --------------------------------------------------------

--
-- Table structure for table `donasi`
--

CREATE TABLE `donasi` (
  `id_donasi` int(11) NOT NULL,
  `bukti_donasi` varchar(100) NOT NULL DEFAULT '0',
  `username_donatur` varchar(50) DEFAULT NULL,
  `nominal_donasi` int(11) DEFAULT NULL,
  `tanggal_donasi` datetime DEFAULT NULL,
  `tanggal_konfirmasi` datetime DEFAULT NULL,
  `username_pengurus_panti` varchar(50) DEFAULT NULL,
  `keterangan_donasi` text
) ENGINE=InnoDB DEFAULT CHARSET=latin1;

--
-- Dumping data for table `donasi`
--

INSERT INTO `donasi` (`id_donasi`, `bukti_donasi`, `username_donatur`, `nominal_donasi`, `tanggal_donasi`, `tanggal_konfirmasi`, `username_pengurus_panti`, `keterangan_donasi`) VALUES
(1, '0', 'admin', 100000, '2019-05-22 19:33:23', '2019-05-23 07:36:23', 'admin', NULL),
(2, '0', 'admin', 500000, '2019-05-23 01:48:51', '2019-05-23 07:36:23', 'admin', NULL),
(3, '0', 'admin', 400000, '2021-05-23 01:49:14', '2019-05-23 07:36:23', 'admin', NULL),
(4, '0', 'admin', 300000, '2019-05-23 01:59:14', '2019-05-23 07:36:23', 'admin', NULL),
(5, '0', NULL, 700000, '2019-05-23 00:00:00', NULL, NULL, NULL),
(6, '0', 'admin', 1000000, '2019-05-23 08:16:48', NULL, NULL, 'untuk kirim doa'),
(7, '0', '10111510000010 ', 5000000, '2019-05-23 10:17:28', NULL, NULL, 'untuk kirim doa');

-- --------------------------------------------------------

--
-- Table structure for table `kegiatan`
--

CREATE TABLE `kegiatan` (
  `id` int(11) NOT NULL,
  `nama_kegiatan` varchar(200) NOT NULL,
  `deskripsi_kegiatan` text NOT NULL,
  `pembuat` varchar(50) NOT NULL,
  `tanggal_dibuat` date NOT NULL
) ENGINE=InnoDB DEFAULT CHARSET=latin1;

--
-- Dumping data for table `kegiatan`
--

INSERT INTO `kegiatan` (`id`, `nama_kegiatan`, `deskripsi_kegiatan`, `pembuat`, `tanggal_dibuat`) VALUES
(1, 'testing', 'halo', 'admin', '2019-05-16'),
(2, 'testing', 'halo', 'admin', '2019-05-16'),
(3, 'testing', 'halo', 'admin', '2019-05-16'),
(4, 'waw', 'hebat', 'admin', '2019-05-16'),
(5, 'Yenny Wahid Nilai Manuver Prabowo Aneh, Bilang Curang Tanpa Bukti ', 'BOGOR, KOMPAS.com - Putri Presiden ke-4 RI Abdurrachman Wahid, Zannuba Arrifah Chafsoh alias Yenny Wahid menilai, manuver politik yang ditempuh calon presiden nomor urut 02 Prabowo Subianto pasca-Pemilu 2019, terbilang aneh.  Pertama, apabila Prabowo menyebut Pemilu 2019 dipenuhi kecurangan, seharusnya mereka memiliki kewajiban menyampaikan bukti-buktinya.  \"Kalau menuduh ada kecurangan, maka tentu mereka punya kewajiban memberikan bukti- bukti terkait kecurangan itu, lalu disalurkan melalui mekanisme yang ada,\" ujar Yenny saat dijumpai di Balai Kirti, Kompleks Istana Presiden Bogor, Rabu (15/5/2019). \"Kalau cuma di media, itu jelas tidak ada dampaknya, tidak ada output-nya. Salurkanlah di mekanisme hukum, buktikan di pengadilan,\" lanjut dia. Sikap menuduh curang, namun tidak memberikan bukti, justru melakukan pengerahhan massa, menurut Yenny, merupakan cara yang tidak mencerminkan ketidakdewasaan dalam berpolitik dan berdemokrasi. Manuver tersebut dinilai tak memberikan teladan dan pendidikan politik yang baik bagi masyarakat. Kedua, manuver Prabowo yang dianggap aneh adalah hanya menolak hasil Pilpres, namun tidak dengan hasil Pileg.  Yenny menegaskan, Pemilu 2019 bersifat serentak. Pemungutan suara Pilpres dan Pileg jadi satu kesatuan. Apabila memang Prabowo cs menilai Pemilu 2019 dipenuhi kecurangan, semestinya yang ditolak bukan hanya sebagian, melainkan seluruhnya.  \"Jadi standardnya menjadi ganda. Kalau hanya Pilpres yang dipertanyakan, tetapi Pileg-nya tidak apa-apa, ya menjadi tidak logis, logikanya tidak terkoneksi. Sistem Pemilu kita ini berjalan serentak. Artinya kalau ada kecurangan, dampaknya kemana-mana,\" ujar dia. Diberitakan, dalam pidatonya di Hotel Grand Sahid, Selasa (14/5/2019), Prabowo menyatakan akan menolak hasil penghitungan suara Pemilu 2019 yang dilakukan KPU.  Sebab, Prabowo menganggap telah terjadi kecurangan selama penyelenggaraan Pemilu 2019 ini.  \"Saya akan menolak hasil penghitungan suara pemilu, hasil penghitungan yang curang,\" ujar Prabowo.  Satu hari setelahnya, juru bicara Badan Pemenangan Nasional (BPN) Andre Rosiade, mengatakan, pernyataan Prabowo itu dalam konteks Pemilihan Presiden 2019. Menurut dia, hal itu sudah jelas karena pernyataan ini disampaikan oleh Prabowo yang merupakan calon presiden.  \"Karena memang kecurangan itu dirasakannya di pilpres. Pak Jokowi itu kan capres bukan caleg,\" ujar Andre ketika dihubungi, Rabu (15/5/2019).  Namun, kata Andre, penghitungan untuk pileg juga tetap dipantau. Ketika ditanya bagaimana hasil penghitungan Pileg 2019 sejauh ini, Andre menilai prosesnya lebih baik daripada pilpres. Artinya, kecurangan dalam pileg tidak semasif pilpres.  \"Meskipun ada kecurangan, lebih kuranglah,\" kata dia.', 'admin', '2019-05-16');

-- --------------------------------------------------------

--
-- Table structure for table `pengeluaran`
--

CREATE TABLE `pengeluaran` (
  `id_pengeluaran` int(11) NOT NULL,
  `nominal_pengeluaran` int(11) DEFAULT NULL,
  `keterangan_pengeluaran` text,
  `tanggal_pengeluaran` datetime DEFAULT NULL,
  `username_update` varchar(50) DEFAULT NULL
) ENGINE=InnoDB DEFAULT CHARSET=latin1;

--
-- Dumping data for table `pengeluaran`
--

INSERT INTO `pengeluaran` (`id_pengeluaran`, `nominal_pengeluaran`, `keterangan_pengeluaran`, `tanggal_pengeluaran`, `username_update`) VALUES
(2, NULL, NULL, '2019-05-23 09:57:40', 'admin'),
(3, 300000, 'tunai', '2019-05-23 09:58:52', 'admin');

-- --------------------------------------------------------

--
-- Table structure for table `profil_panti`
--

CREATE TABLE `profil_panti` (
  `id` int(11) NOT NULL,
  `nama_panti` varchar(150) NOT NULL,
  `alamat_panti` text NOT NULL,
  `no_telp_panti` varchar(15) NOT NULL,
  `deskripsi_panti` text NOT NULL,
  `visi` text NOT NULL,
  `misi` text NOT NULL,
  `no_rekening_bank` varchar(50) NOT NULL,
  `nama_bank` varchar(50) NOT NULL,
  `nama_ketua_panti` varchar(50) NOT NULL
) ENGINE=InnoDB DEFAULT CHARSET=latin1;

--
-- Dumping data for table `profil_panti`
--

INSERT INTO `profil_panti` (`id`, `nama_panti`, `alamat_panti`, `no_telp_panti`, `deskripsi_panti`, `visi`, `misi`, `no_rekening_bank`, `nama_bank`, `nama_ketua_panti`) VALUES
(1, 'Panti Asuhan BJ Habibie', 'Jl Kutai 2', '083830554984', 'lol', 'halo', 'aduhai', '2774 774 284000', 'BNI', 'Andhika');

-- --------------------------------------------------------

--
-- Table structure for table `role_users`
--

CREATE TABLE `role_users` (
  `id_role` int(11) NOT NULL,
  `id_unique` varchar(5) DEFAULT NULL,
  `nama_role` varchar(45) DEFAULT NULL
) ENGINE=InnoDB DEFAULT CHARSET=latin1;

--
-- Dumping data for table `role_users`
--

INSERT INTO `role_users` (`id_role`, `id_unique`, `nama_role`) VALUES
(1, 'a01', 'Administrator'),
(2, 'd01', 'Pengelola Panti'),
(3, 'p01', 'Donatur'),
(4, 'ap01', 'Anak Panti');

-- --------------------------------------------------------

--
-- Table structure for table `users_kantor`
--

CREATE TABLE `users_kantor` (
  `id` int(11) UNSIGNED NOT NULL DEFAULT '0',
  `ip_address` varchar(50) DEFAULT NULL,
  `username` varchar(255) NOT NULL,
  `password` varchar(255) DEFAULT NULL,
  `salt` varchar(255) DEFAULT NULL,
  `created_on` varchar(50) DEFAULT NULL,
  `id_role` int(11) DEFAULT NULL,
  `nama_petugas` varchar(128) DEFAULT NULL,
  `no_hape_petugas` varchar(128) DEFAULT NULL,
  `kecamatan_petugas` varchar(128) DEFAULT NULL,
  `alamat_petugas` varchar(128) DEFAULT NULL,
  `email_petugas` varchar(128) DEFAULT NULL,
  `update_at` date DEFAULT NULL
) ENGINE=InnoDB DEFAULT CHARSET=latin1;

--
-- Dumping data for table `users_kantor`
--

INSERT INTO `users_kantor` (`id`, `ip_address`, `username`, `password`, `salt`, `created_on`, `id_role`, `nama_petugas`, `no_hape_petugas`, `kecamatan_petugas`, `alamat_petugas`, `email_petugas`, `update_at`) VALUES
(0, '127.0.0.1', '10111510000010 ', 'jajRyglD.QuxI', 'jaDzqvi93kHFY', '2019-03-01', 3, 'Akbar Fauzan Svukroni', '085736863262', NULL, NULL, NULL, NULL),
(0, '127.0.0.1', '10111510000025', 'jajRyglD.QuxI', 'jaDzqvi93kHFY', '2019-03-01', 3, 'Erfandi Zen Variamen ', '081359699737', NULL, NULL, NULL, NULL),
(0, '127.0.0.1', '10111510000027', 'jajRyglD.QuxI', 'jaDzqvi93kHFY', '2019-03-01', 3, 'YudaNirwan', '085648737649', NULL, NULL, NULL, NULL),
(0, '127.0.0.1', '10111510000041', 'jajRyglD.QuxI', 'jaDzqvi93kHFY', '2019-03-01', 3, 'Rif Atus Solichah ', '0895351195408', NULL, NULL, NULL, NULL),
(0, '127.0.0.1', '10111510000063', 'jajRyglD.QuxI', 'jaDzqvi93kHFY', '2019-03-01', 3, 'Muhammad Wildan Aziz', '085731732642', NULL, NULL, NULL, NULL),
(0, '127.0.0.1', '10111510000093', 'jajRyglD.QuxI', 'jaDzqvi93kHFY', '2019-03-01', 3, 'Farraz HaidarAkbar', '081843270284', NULL, NULL, NULL, NULL),
(0, '127.0.0.1', '10111510000098', 'jajRyglD.QuxI', 'jaDzqvi93kHFY', '2019-03-01', 3, 'Aulia Shofi', '082132656225', NULL, NULL, NULL, NULL),
(0, '127.0.0.1', '10111510000105', 'jajRyglD.QuxI', 'jaDzqvi93kHFY', '2019-03-01', 3, 'Bella Permatasari ', '08999037195', NULL, 'Sekardangan Indah blok D no 5 Sidoarjo', 'bella10299@gmail.com', '2019-03-10'),
(0, '127.0.0.1', '10111600000007', 'ja.nlfLFtAgMM', 'jaDzqvi93kHFY', '2019-03-01', 3, 'Dian Dwika Winarno putra', '081249861733', NULL, '', 'Diandwika023@gmail.com', '2019-04-06'),
(0, '127.0.0.1', '10111600000012', 'ja.nlfLFtAgMM', 'jaDzqvi93kHFY', '2019-03-01', 3, 'Gilang Alfisyar', '082244850064', NULL, 'Bungurasih Timur rt 03 rw 01 waru sidoarjo', 'alfisyar70@gmail.com ', '2019-03-15'),
(0, '127.0.0.1', '10111600000031', 'ja.nlfLFtAgMM', 'jaDzqvi93kHFY', '2019-03-01', 3, 'Ninik Yulianti', '0895632161057', NULL, 'Dsn. Kesamben RT23/RW04 Desa Wunut Kec. Porong - Sidoarjo', 'yuliantininik8@gmail.com', '2019-03-07'),
(0, '127.0.0.1', '10111600000033', 'ja.nlfLFtAgMM', 'jaDzqvi93kHFY', '2019-03-01', 3, 'Ilham Muqorrobin ', '0816569994 ', NULL, '', 'ilhammuqorrobin123456@gmail.com', '2019-04-08'),
(0, '127.0.0.1', '10111610000001', 'jamEMcwd6eI3U', 'jaDzqvi93kHFY', '2019-03-01', 3, 'Moch. Ilham Adi Rizqi', '085856187262', NULL, NULL, NULL, NULL),
(0, '127.0.0.1', '10111610000025', 'jamEMcwd6eI3U', 'jaDzqvi93kHFY', '2019-03-01', 3, 'Moch. Dikrimasro Ramadhan', '085733658966', NULL, NULL, NULL, NULL),
(0, '127.0.0.1', '10111610000059', 'jamEMcwd6eI3U', 'jaDzqvi93kHFY', '2019-03-01', 3, 'Riski Maulana Ishak', '081232442728', NULL, 'Jln Menur III No.17 Surabaya ', 'riskimaw5@gmail.com ', '2019-03-08'),
(0, '127.0.0.1', '10111610000072', 'jamEMcwd6eI3U', 'jaDzqvi93kHFY', '2019-03-01', 3, 'Berlianto W', '082231628949', NULL, NULL, NULL, NULL),
(0, '127.0.0.1', '10111610000082', 'jamEMcwd6eI3U', 'jaDzqvi93kHFY', '2019-03-01', 3, 'Septiyan Tri Cahyo Utomo', '081380533575', NULL, NULL, NULL, NULL),
(0, '127.0.0.1', '10111610000102', 'jamEMcwd6eI3U', 'jaDzqvi93kHFY', '2019-03-01', 3, 'Nurhidayat', '085732165675', NULL, 'Keputih Permai Blok A1-3, Jl. Keputih Tegal Timur, Sukolilo', 'nur.hidayateru@gmail.com', '2019-03-07'),
(0, '127.0.0.1', '10111610000106', 'jamEMcwd6eI3U', 'jaDzqvi93kHFY', '2019-03-01', 3, 'Muhammad Faruq', '082244850064', NULL, NULL, NULL, NULL),
(0, '127.0.0.1', '10111700000082', 'ja9cS9izNZ426', 'jaDzqvi93kHFY', '2019-03-01', 3, 'M. Bilal Giri Nabhan', '085784052537', NULL, 'Taman, Sidoarjo', 'twekaz@gmail.com', '2019-03-16'),
(0, '127.0.0.1', '10111700000086', 'ja9cS9izNZ426', 'jaDzqvi93kHFY', '2019-03-01', 3, 'Prasetyo Alfarizi ', '082231523527', NULL, 'Semampir Selatan 1/25 Surabaya', 'alfarizi.alpha9@gmail.com', '2019-04-09'),
(0, '127.0.0.1', '10111700000089', 'ja9cS9izNZ426', 'jaDzqvi93kHFY', '2019-03-01', 3, 'HelmyRamadhani Chrisatama Sakti', '089610744866', NULL, NULL, 'helmyramadhani.ch.s@gmail.com', '2019-05-01'),
(0, '127.0.0.1', '10111710000082', 'jaqHrK57aURyM', 'jaDzqvi93kHFY', '2019-03-01', 3, 'PrimaMancixa Mahendra ', '089678961612', NULL, NULL, NULL, NULL),
(0, '127.0.0.1', '10111815000055', 'jaQwnJmLLrIWg', 'jaDzqvi93kHFY', '2019-03-01', 3, 'Habibur Rohman ', '085655131841 ', NULL, NULL, NULL, NULL),
(1, '127.0.0.1', '1administrator', 'jaJAWCtvMQgcY', 'jaDzqvi93kHFY', '2018-05-13 06:32:53', 1, NULL, NULL, NULL, NULL, NULL, NULL),
(0, NULL, '5116100034', 'jaAVU6tkUmYU6', 'jaDzqvi93kHFY', '2019-03-19', 3, 'Desy Nilasari', '081215656665', NULL, 'Keputih 3C ', 'desy.nilaaa@yahoo.com', '2019-03-21'),
(2, '127.0.0.1', 'admin', 'jaJAWCtvMQgcY', 'jaDzqvi93kHFY', '2018-05-13 06:32:53', 2, 'test', '45348503', NULL, 'desa', '1@gmail.com', '2019-02-27'),
(3, NULL, 'admin1', 'jaG52yLdtkGhc', 'jaDzqvi93kHFY', '2018-09-10 03:54:43', 2, 'Admin 1', NULL, NULL, NULL, NULL, NULL),
(4, NULL, 'admin2', 'jaG52yLdtkGhc', 'jaDzqvi93kHFY', '2018-09-10 03:54:43', 2, 'Admin 2', NULL, NULL, NULL, NULL, NULL),
(5, NULL, 'admin3', 'jaG52yLdtkGhc', 'jaDzqvi93kHFY', '2018-09-10 03:54:43', 2, 'Admin 3', NULL, NULL, NULL, NULL, NULL),
(0, NULL, 'andhikaa', 'jaEdRkIhSEboQ', 'jaDzqvi93kHFY', '2019-05-23', 3, NULL, NULL, NULL, NULL, NULL, NULL),
(0, NULL, 'andhikayp', 'jaBqViv4EgOF2', 'jaDzqvi93kHFY', '2019-05-14', 3, NULL, NULL, NULL, NULL, NULL, NULL),
(0, NULL, 'arinipus', 'jaRT/ZI/tnw9Y', 'jaDzqvi93kHFY', '2019-05-14', 4, 'arini puspita', '08181232345', NULL, 'desa', 'arini@gmail.com', '2019-05-14'),
(6, '127.0.0.1', 'petugas1', 'jaG52yLdtkGhc', 'jaDzqvi93kHFY', '2018-05-13 06:32:53', 3, 'test', '98398', NULL, 'jsafdhnaw', 'test@test', '2019-03-01'),
(7, '127.0.0.1', 'petugas2', 'jaG52yLdtkGhc', 'jaDzqvi93kHFY', '2018-05-13 06:32:53', 3, 'awan', '03930', NULL, '94awdjaw', 'tes', '2019-03-01'),
(8, '127.0.0.1', 'petugas3', 'jaG52yLdtkGhc', 'jaDzqvi93kHFY', '2018-05-13 06:32:53', 3, 'lala', '29292', NULL, 'llala', 'lala', '2019-03-01'),
(0, NULL, 'testing', 'jaEG7R5SEGUog', 'jaDzqvi93kHFY', '2019-05-23', 4, NULL, NULL, NULL, NULL, NULL, NULL);

--
-- Indexes for dumped tables
--

--
-- Indexes for table `ci_sessions_kantor`
--
ALTER TABLE `ci_sessions_kantor`
  ADD PRIMARY KEY (`id`),
  ADD KEY `ci_sessions_timestamp` (`timestamp`);

--
-- Indexes for table `donasi`
--
ALTER TABLE `donasi`
  ADD PRIMARY KEY (`id_donasi`);

--
-- Indexes for table `kegiatan`
--
ALTER TABLE `kegiatan`
  ADD PRIMARY KEY (`id`);

--
-- Indexes for table `pengeluaran`
--
ALTER TABLE `pengeluaran`
  ADD PRIMARY KEY (`id_pengeluaran`);

--
-- Indexes for table `role_users`
--
ALTER TABLE `role_users`
  ADD PRIMARY KEY (`id_role`);

--
-- Indexes for table `users_kantor`
--
ALTER TABLE `users_kantor`
  ADD PRIMARY KEY (`username`);

--
-- AUTO_INCREMENT for dumped tables
--

--
-- AUTO_INCREMENT for table `donasi`
--
ALTER TABLE `donasi`
  MODIFY `id_donasi` int(11) NOT NULL AUTO_INCREMENT, AUTO_INCREMENT=8;

--
-- AUTO_INCREMENT for table `kegiatan`
--
ALTER TABLE `kegiatan`
  MODIFY `id` int(11) NOT NULL AUTO_INCREMENT, AUTO_INCREMENT=6;

--
-- AUTO_INCREMENT for table `pengeluaran`
--
ALTER TABLE `pengeluaran`
  MODIFY `id_pengeluaran` int(11) NOT NULL AUTO_INCREMENT, AUTO_INCREMENT=4;
COMMIT;

/*!40101 SET CHARACTER_SET_CLIENT=@OLD_CHARACTER_SET_CLIENT */;
/*!40101 SET CHARACTER_SET_RESULTS=@OLD_CHARACTER_SET_RESULTS */;
/*!40101 SET COLLATION_CONNECTION=@OLD_COLLATION_CONNECTION */;
